item_id,order_id,product_id,quantity,unit_price,discount_percent
1,615,52,2,34100.86,28
2,871,122,1,90319.18,39
3,22,179,3,3005.49,89
4,323,48,3,67851.78,23
5,260,123,2,54327.8,69
6,595,72,1,70625.48,49
7,988,22,1,22517.75,79
8,230,30,5,91541.71,57
10,958,186,2,20386.52,39
11,78,142,5,81327.88,36
12,326,59,1,43910.73,16
13,298,71,2,875.41,13
14,403,66,4,80525.13,9
15,531,119,4,81776.37,80
16,128,86,2,17908.35,22
17,802,111,2,40567.08,93
18,50,55,4,2694.32,93
19,634,143,1,86300.96,20
20,488,53,3,32600.44,10
21,795,137,1,22721.7,59
22,514,166,4,43756.27,68
23,3,184,3,54134.24,95
24,663,58,1,6128.67,80
25,559,190,3,9689.26,98
27,649,157,2,93267.9,20
29,53,174,1,37467.31,1
30,301,178,2,18120.39,47
31,437,46,3,92418.38,1
32,732,70,4,68626.77,67
33,200,191,4,64366.85,73
34,629,160,5,51217.79,30
35,489,116,5,44330.98,61
36,378,144,2,30816.12,4
37,156,100,4,81994.05,66
38,172,45,1,94164.03,38
39,31,30,4,54824.68,69
40,608,54,5,40765.93,0
41,720,191,5,85918.96,10
42,410,194,1,57033.85,76
43,572,171,4,3189.68,10
44,770,53,2,29383.42,87
45,912,19,4,89088.06,41
46,958,5,3,33212.98,24
47,699,141,2,6407.55,82
48,130,97,5,84523.52,70
49,108,117,5,85153.45,40
51,808,8,1,98850.89,27
52,766,193,4,84390.39,9
54,504,50,5,6543.89,86
55,657,145,2,30521.25,1
56,526,4,4,53053.68,13
58,927,154,3,49958.15,23
59,695,106,5,59457.45,27
60,763,41,1,10590.53,57
61,638,88,3,40993.8,91
62,525,79,3,30512.94,46
63,920,173,4,56559.32,60
64,704,150,3,54513.7,78
65,622,35,1,61448.28,1
66,896,159,3,26300.76,67
67,359,116,3,97285.55,19
68,554,8,4,49757.54,87
69,626,6,5,81432.79,69
71,167,21,5,40390.07,32
72,900,144,1,33151.02,7
73,533,191,5,52197.79,99
74,212,40,2,82269.41,10
75,579,100,1,20829.6,22
76,157,114,2,45237.56,57
77,709,77,4,14758.68,82
78,949,104,2,11688.13,85
79,279,43,4,42114.89,75
80,710,86,5,85617.57,25
81,532,90,4,49207.66,15
82,739,68,5,95393.05,49
83,969,126,4,22814.51,15
84,839,85,1,2585.56,14
85,46,30,1,53588.82,1
86,782,15,5,42598.94,90
87,225,170,5,23397.48,90
88,224,103,3,22733.95,13
89,99,3,1,17535.01,47
90,764,96,4,24644.22,39
91,497,23,3,5332.26,83
92,10,152,1,21197.94,19
94,863,130,4,98646.49,89
96,516,71,4,29695.34,27
97,106,132,4,63665.83,95
98,234,99,2,9088.53,5
99,256,155,5,16850.55,35
100,267,121,1,81464.94,28
102,968,39,4,47808.94,47
103,225,96,1,13904.76,51
104,877,81,1,98580.91,70
105,242,164,4,65858.6,71
106,396,99,4,83787.51,5
107,605,199,4,47298.73,31
108,558,21,5,17868.16,45
109,633,58,1,61272.07,60
110,793,169,5,98605.89,100
111,623,154,1,83125.33,13
112,382,173,4,61147.14,95
113,534,6,3,77077.27,62
114,776,43,3,66874.18,58
115,186,77,4,55752.37,57
116,339,70,4,63925.15,99
117,485,12,3,30858.71,6
118,449,174,3,5861.66,31
119,713,71,5,91776.71,45
120,766,71,3,29025.15,97
121,396,178,1,15135.79,81
122,295,105,5,83326.9,88
123,302,180,1,61876.63,90
124,624,125,3,44580.08,73
125,306,145,3,32527.74,92
127,451,18,3,87074.69,89
128,942,67,2,74028.48,56
129,557,33,3,39870.66,30
130,936,23,1,89365.61,78
131,841,95,2,34829.09,17
132,76,12,3,84614.35,67
133,765,16,5,18482.51,56
134,179,11,5,31414.69,50
135,540,36,2,86305.54,25
136,91,17,1,63446.72,49
137,731,195,2,20992.12,65
138,485,184,4,69428.49,35
139,594,189,1,86513.25,31
140,16,16,1,18751.11,100
141,534,36,1,56316.17,50
142,807,78,4,77564.39,98
143,836,25,1,72625.34,21
144,741,140,5,63715.06,53
145,481,29,4,39438.68,44
146,268,189,1,32250.14,59
147,849,32,4,38823.1,43
148,59,76,2,83822.41,2
149,16,140,3,56626.38,41
150,242,20,2,76619.82,51
151,420,151,4,37885.25,82
152,703,130,4,57975.02,69
153,314,147,5,10359.36,12
154,30,149,4,19989.51,38
155,623,1,5,24809.67,0
156,93,73,1,91646.76,3
157,368,52,3,65682.13,61
159,771,51,4,83811.97,47
160,386,10,1,20652.39,3
161,852,90,5,5078.1,31
162,318,122,4,50054.59,51
163,412,105,1,65186.95,38
164,654,59,2,45331.68,69
165,412,29,5,86313.5,89
167,398,150,3,65650.57,27
168,692,56,1,89100.18,9
169,687,59,3,39901.82,81
170,288,118,4,48215.67,3
172,553,119,3,59710.37,69
173,45,159,3,47048.46,63
174,357,164,3,61411.3,83
176,525,34,2,86414.16,37
177,532,137,1,18015.86,0
178,260,175,2,70643.23,79
179,295,133,4,37969.27,52
180,234,35,1,7632.52,53
181,289,20,4,80726.49,49
182,540,116,2,87428.01,70
184,431,153,5,24366.85,72
185,450,36,1,1784.8,72
186,67,160,2,26785.0,48
187,923,97,5,33647.22,48
188,419,45,2,84560.12,35
189,893,44,2,25819.92,47
190,460,73,3,74661.84,65
191,398,24,3,47135.22,15
192,280,100,5,74551.68,42
193,296,189,5,31001.6,46
194,293,163,2,15744.16,24
195,401,178,4,63362.66,75
196,295,38,1,89159.41,37
197,970,61,1,93117.04,66
198,520,197,2,69362.48,50
200,296,150,2,24035.32,46
202,322,38,4,85338.59,13
203,757,73,5,58568.04,12
204,59,35,5,11098.66,50
205,758,134,3,62478.35,0
206,674,132,4,28915.27,78
207,492,164,2,4772.85,67
208,325,160,5,77572.02,37
209,231,122,4,51490.79,69
212,823,181,3,79617.87,71
214,357,49,4,19184.47,39
215,278,67,3,17874.58,25
216,332,25,1,29991.13,8
217,992,93,2,47716.94,79
218,268,65,5,2558.64,74
219,402,179,1,16499.87,26
220,268,163,4,74306.1,5
221,152,150,4,40570.62,62
222,841,4,4,40586.86,52
223,576,82,2,31920.47,40
224,631,119,5,87109.22,19
225,924,18,4,50768.06,87
226,909,198,1,34114.9,23
227,907,4,3,26908.65,17
228,718,144,3,47557.63,92
229,664,109,2,34710.39,52
231,448,149,3,27252.89,39
233,890,44,3,67258.17,64
234,149,131,2,27446.26,44
235,484,13,5,34692.7,61
236,798,112,2,43542.77,87
237,809,10,4,93753.54,40
238,956,81,3,98465.9,96
240,539,2,2,52645.67,37
241,129,69,3,51738.23,30
242,30,160,2,90665.77,66
243,488,106,2,9845.75,72
244,736,122,5,10887.2,90
245,348,91,3,38146.6,0
246,787,7,4,36091.13,37
247,589,114,2,61228.02,88
248,93,123,3,36953.93,96
250,874,147,3,92028.68,8
252,61,98,4,12194.56,17
253,547,53,5,87544.72,66
254,581,115,4,63246.32,58
255,165,161,3,92957.9,14
256,640,165,1,94393.21,63
257,865,42,2,57477.41,20
258,780,166,3,76606.06,58
259,27,189,2,77973.53,86
260,340,114,2,53610.76,59
261,719,145,2,83638.19,61
262,660,50,4,2221.16,19
263,740,129,4,83071.39,32
266,158,197,2,12942.15,72
267,5,11,1,54948.6,39
268,278,60,2,8848.4,94
269,503,25,3,87933.54,68
270,352,172,4,92425.11,35
271,415,160,1,61088.66,67
272,924,67,1,66900.02,83
274,30,102,5,91280.95,12
275,343,57,3,49542.75,69
276,636,23,4,80856.52,41
277,715,100,5,63355.23,93
278,768,6,4,11381.06,49
279,344,96,4,74233.81,88
280,314,23,3,28299.18,25
282,456,162,3,91590.64,9
283,219,34,2,35184.17,63
284,258,3,1,58017.03,3
285,494,84,2,85234.84,6
286,680,164,5,70130.56,68
287,581,2,1,13006.95,84
288,17,150,2,58360.19,69
289,616,19,5,67411.69,30
290,255,154,4,68604.39,85
291,584,101,3,30809.99,52
292,185,134,3,66295.2,33
293,14,90,5,14587.89,35
294,355,169,5,47418.02,81
295,481,136,2,15782.04,68
296,857,156,5,50027.07,69
297,207,190,3,16360.76,98
298,307,102,3,27349.07,50
299,241,102,2,40154.79,98
300,653,181,1,94659.61,18
301,888,90,5,75012.62,25
302,150,23,4,62798.67,29
303,603,177,5,64459.32,70
304,680,119,1,68895.54,100
305,523,95,2,33734.66,93
306,171,120,3,45945.62,47
307,570,88,4,55298.67,94
308,843,96,2,46948.33,67
309,867,195,3,50878.28,2
310,711,125,4,62966.98,62
311,4,115,4,78738.73,20
313,478,155,3,17845.93,67
314,176,137,4,29715.71,37
315,268,196,2,64877.14,42
316,121,73,1,46756.31,35
317,328,97,3,2877.1,30
318,650,67,1,99553.53,65
319,189,186,5,15454.99,16
320,396,19,2,11181.03,95
321,373,165,5,27568.82,38
322,534,62,1,46552.58,100
323,56,88,5,73016.59,11
324,479,97,2,88172.86,40
325,372,133,4,31860.01,43
326,207,119,5,64596.23,90
327,963,64,2,87550.11,73
328,976,57,3,14807.62,42
329,147,163,5,78739.36,10
330,658,115,3,86049.99,87
332,381,134,4,81570.73,6
333,654,16,2,86725.19,70
334,175,22,2,89172.07,30
336,807,164,5,28984.61,61
337,675,92,5,63754.46,98
338,702,105,4,39224.68,96
339,483,60,1,68997.12,91
340,636,47,3,26012.37,61
341,971,188,4,7663.17,42
342,587,122,2,48476.48,68
343,592,92,3,96926.6,30
345,518,21,4,75898.25,81
346,787,11,1,98085.21,52
347,549,166,3,18313.02,7
348,729,146,3,5438.88,39
349,271,77,5,7684.42,39
350,123,192,2,93343.34,98
351,469,186,3,96069.0,57
352,689,122,2,42778.22,45
353,801,124,1,34126.88,6
354,686,42,5,6481.62,82
355,524,72,5,95758.92,59
357,491,119,3,8248.9,16
358,465,122,2,4316.02,55
359,758,67,5,3636.02,62
360,462,165,3,83946.83,67
361,27,151,3,59437.22,75
362,258,44,5,6444.98,89
363,859,184,4,99990.08,96
364,110,121,5,21367.54,86
366,947,136,2,66658.3,24
367,527,106,3,74380.82,4
368,899,114,1,53765.25,45
369,413,174,5,61728.53,75
371,18,165,5,78256.68,5
373,183,3,3,86187.36,30
374,84,18,3,46056.44,57
375,551,104,2,20104.67,12
376,248,93,2,67609.64,32
378,958,197,4,9335.59,92
379,815,168,3,42873.41,50
380,970,17,5,15834.04,73
381,170,134,2,23829.88,14
383,544,125,2,62264.95,71
384,2,61,3,28222.08,76
385,150,139,5,62837.97,22
386,213,176,4,87657.19,72
387,979,176,3,97397.35,0
388,389,49,3,1735.21,21
389,644,100,5,72862.9,71
390,3,72,2,58137.98,65
391,568,97,1,9424.24,56
392,107,31,3,38672.12,54
393,479,122,1,78437.16,12
395,816,83,4,55319.59,20
396,242,83,3,27129.53,89
397,329,78,3,19745.34,21
398,439,199,2,94226.76,94
399,224,179,1,66920.75,35
400,125,86,1,83686.89,97
401,811,65,5,11433.07,68
402,686,10,2,28421.14,8
403,874,92,3,75060.94,95
404,250,52,4,81077.65,73
405,265,58,5,3320.84,68
407,52,54,1,71592.19,32
408,979,25,3,84088.51,13
409,414,61,5,6068.08,21
410,988,150,3,37638.0,55
411,715,199,3,52800.67,25
412,322,45,2,18255.91,74
413,637,177,5,67136.63,12
414,385,66,5,93491.7,62
415,879,51,4,76326.21,78
416,975,174,2,4056.32,80
417,630,117,2,62329.99,81
418,677,9,3,14384.29,100
419,484,72,2,1881.94,91
420,514,189,1,73229.26,18
421,667,102,5,58238.75,5
422,970,189,3,47824.97,65
423,996,85,1,94840.46,18
424,432,160,1,3231.18,56
425,71,25,1,25462.11,18
426,126,150,2,27115.77,71
427,471,66,2,8436.38,20
428,947,92,4,98107.37,54
429,918,169,1,35706.94,94
431,915,187,5,30201.67,2
432,457,134,5,74555.0,12
433,783,32,3,6518.39,25
434,695,166,5,10757.15,3
435,923,171,5,82747.26,41
436,407,156,5,5230.35,75
437,725,32,5,66377.21,31
438,537,120,4,62202.23,34
440,815,170,3,79789.67,27
441,933,102,5,51673.02,18
442,84,170,3,74450.07,66
443,907,33,5,48307.74,75
444,455,77,1,95851.82,88
445,406,183,2,23475.11,28
446,510,146,4,31981.11,12
448,57,184,3,35659.27,4
449,141,194,3,66362.87,97
450,281,186,5,47484.2,79
451,813,174,2,66346.86,96
453,439,97,1,67900.99,13
454,191,74,1,33939.48,74
455,410,195,2,35193.03,46
456,459,40,3,91702.88,88
457,851,113,1,42282.82,14
459,29,189,1,1517.29,66
460,746,124,1,57176.89,87
461,7,116,4,71655.59,54
462,401,141,3,29213.56,41
463,470,117,1,30358.0,30
464,334,112,4,59271.9,42
465,461,151,3,18892.75,7
466,559,181,2,85156.81,89
467,221,4,4,3455.25,47
468,26,38,4,93796.88,0
469,406,19,4,72627.08,60
470,385,98,5,33975.69,87
471,442,181,5,10215.36,20
473,953,74,1,72426.61,11
474,565,38,1,46606.61,51
475,506,191,3,56857.5,7
476,725,159,1,71216.34,40
477,554,35,1,95958.2,51
478,526,165,5,76435.79,36
479,985,154,2,39276.92,67
481,80,18,3,89163.54,70
482,50,154,3,10582.43,37
483,874,177,5,52177.43,42
484,173,54,3,41269.67,1
485,973,199,1,21722.96,36
486,454,182,2,83210.9,3
487,515,83,2,17143.61,42
488,846,33,2,39691.25,31
489,452,166,5,7434.86,80
490,490,51,5,42942.62,13
491,86,55,4,84885.74,64
492,629,17,2,32592.25,86
493,543,183,5,99882.14,100
494,327,78,3,40730.52,92
495,729,77,3,92494.18,62
496,973,152,4,48825.02,18
497,86,151,4,38197.99,44
498,872,44,1,80546.49,77
499,523,56,2,59160.97,34
500,539,85,2,63617.69,97
501,749,159,1,58011.93,93
502,980,5,3,43364.16,66
503,408,32,5,90497.48,79
504,108,162,3,14743.96,12
505,98,80,2,36220.96,53
506,992,37,2,75482.11,41
507,923,138,2,62984.79,35
508,494,125,1,24290.8,18
510,713,61,5,18049.74,15
511,244,89,2,42748.88,59
513,850,164,1,90212.06,62
514,275,173,3,2326.08,100
515,153,97,5,67258.41,69
516,742,121,4,97698.91,14
517,944,114,3,81374.63,15
518,64,84,5,5160.98,35
519,570,44,4,31615.48,58
520,29,139,1,33570.71,0
521,477,175,2,9647.01,43
522,301,199,4,48066.77,10
523,899,154,2,20825.11,1
524,103,131,2,54981.4,56
525,947,3,5,19998.02,67
526,561,200,5,47950.27,76
527,702,154,4,63817.24,53
528,176,154,5,38050.33,99
529,573,17,2,82644.24,30
530,194,20,4,478.1,10
531,779,170,2,83400.6,84
532,402,151,3,28864.05,66
533,840,179,2,1067.19,72
534,937,138,4,49440.5,66
535,556,34,5,2442.98,78
536,838,116,2,65880.69,62
537,748,179,1,97003.84,81
539,663,89,1,43225.47,54
540,637,146,4,16378.95,1
541,333,160,5,34611.49,84
542,416,72,3,17654.87,14
543,157,161,4,15502.13,97
544,837,58,5,8115.76,94
545,18,34,4,14944.45,48
546,946,105,4,98536.24,75
547,808,19,2,9560.66,59
548,133,153,5,77218.31,61
549,969,51,1,15666.79,6
550,107,49,1,82302.6,54
551,40,123,1,84478.88,0
552,203,91,1,1274.87,25
553,691,96,3,49931.86,1
554,390,5,4,94541.7,58
555,4,117,1,15859.15,61
556,23,131,1,77788.78,27
557,998,140,5,35010.02,57
558,45,11,3,58147.89,95
559,377,107,1,73677.7,70
560,970,193,1,77513.49,63
561,303,54,5,39844.1,15
562,894,131,2,56787.85,99
564,457,185,5,75271.19,0
565,80,11,1,37968.73,64
566,504,41,3,31747.57,17
567,872,72,5,78323.08,92
568,527,65,1,36498.41,50
569,810,160,2,66682.0,63
571,59,55,2,4183.47,97
572,841,111,1,36942.91,100
573,773,158,1,51972.9,60
574,16,89,3,27612.11,94
575,172,160,4,27549.28,4
576,677,192,3,78911.89,70
577,176,155,1,49631.83,29
578,497,199,3,30826.92,37
579,915,133,2,67661.76,49
580,898,78,5,56759.61,64
581,937,109,2,30073.39,96
582,622,198,3,19231.35,86
584,537,72,1,8954.05,61
585,678,28,4,52489.15,10
586,629,169,4,44653.68,27
587,57,178,4,70236.43,93
588,801,168,5,98792.57,41
589,361,106,2,72601.65,73
590,716,91,3,33671.04,82
591,552,154,2,42214.26,56
592,743,145,1,69581.88,96
595,29,105,2,64385.07,46
596,820,159,4,32542.98,97
597,541,169,4,85926.39,30
598,663,69,1,16038.57,41
599,542,59,5,53807.9,34
600,162,15,4,26009.27,80
601,462,109,3,52304.47,83
602,535,113,3,37117.78,100
603,270,100,1,43806.36,10
604,281,22,1,10382.68,54
605,201,70,4,18749.12,91
606,512,149,4,92605.64,71
607,525,25,5,8536.66,97
608,298,181,1,56210.02,2
609,504,63,3,85484.14,58
610,393,124,3,64346.83,55
611,330,82,2,53609.22,4
612,875,100,5,14278.17,87
613,977,30,4,22894.95,5
615,189,171,2,86607.77,19
616,589,126,5,1216.5,23
617,119,41,1,36687.67,13
619,61,38,1,79783.37,41
620,549,166,5,57848.13,38
621,116,114,3,26578.67,74
622,776,135,1,91341.92,100
623,707,168,2,19712.03,15
624,218,22,5,74008.25,19
625,323,62,3,28120.56,10
626,301,68,1,44929.17,78
627,199,159,5,19196.94,19
628,296,140,2,51054.96,47
629,695,184,2,58958.56,2
630,892,25,2,29800.35,56
631,906,154,1,2139.6,4
632,860,179,2,37442.18,89
633,791,51,4,14761.47,61
634,895,180,5,77222.54,95
635,680,96,5,50269.25,34
636,200,181,1,81737.49,79
637,955,128,2,43030.85,56
638,240,43,5,58902.02,80
640,523,89,1,6686.02,77
641,729,168,5,69854.81,91
642,688,130,5,9491.97,49
643,272,136,1,13007.11,25
644,562,26,2,96585.44,64
645,609,170,4,96903.84,40
647,61,129,3,18644.65,19
648,47,40,2,7646.8,2
649,506,97,4,26299.75,48
650,650,119,3,72608.45,97
651,815,198,3,84983.58,63
652,953,105,1,28481.2,39
653,651,171,1,11827.9,25
654,573,79,1,51910.26,10
655,666,199,2,95748.68,86
656,484,142,3,83437.92,27
657,275,124,1,62647.2,34
658,65,25,1,85958.22,72
659,577,117,5,98759.07,74
660,834,62,3,89393.85,2
661,228,171,3,57820.06,30
662,113,27,4,67901.56,53
663,809,146,1,77442.7,27
664,789,174,5,45972.77,61
665,329,44,3,60383.14,20
666,597,145,1,58674.93,20
667,175,47,4,53218.81,83
668,21,63,3,29159.28,89
669,469,46,5,77677.54,9
670,164,88,4,17902.58,65
671,818,77,2,66361.21,20
673,765,73,4,10681.41,24
674,872,94,2,54219.97,47
675,13,137,4,35828.26,20
676,949,173,1,32063.97,57
677,933,97,4,35433.8,95
678,449,90,3,89386.28,63
679,846,174,4,23704.28,4
680,500,199,2,33454.3,8
681,522,179,3,35853.53,28
682,579,190,3,29955.93,89
683,955,121,3,29634.68,13
684,924,126,2,38791.4,16
685,348,43,5,41828.98,75
686,405,16,4,90728.47,71
687,495,142,4,61976.51,85
688,910,93,5,83459.62,5
689,27,15,1,98096.53,15
690,202,16,1,20277.64,86
691,132,122,5,38212.83,44
692,584,133,3,97406.64,33
693,315,110,4,99071.19,78
694,12,150,2,47964.36,31
695,46,68,1,20314.8,83
696,853,142,2,39507.41,31
697,887,102,5,21449.01,80
698,453,35,1,92276.18,12
699,110,105,4,2245.47,25
700,840,30,1,85025.04,28
701,850,39,4,68413.63,89
702,218,88,3,51342.66,66
703,633,30,1,18854.72,57
704,357,112,2,67653.91,46
705,310,157,1,45305.6,83
706,754,22,5,97196.03,91
707,369,47,2,85206.47,60
708,374,100,4,3929.15,40
709,449,126,2,37959.03,9
710,39,123,1,72416.61,34
711,663,185,4,91909.42,89
712,384,166,4,25489.19,53
713,934,40,4,70617.24,46
715,924,2,2,1446.29,29
716,287,152,5,60145.74,87
717,812,108,4,99854.27,64
718,766,177,5,24193.0,85
719,238,85,2,95816.43,25
720,956,19,5,49426.98,18
721,983,165,1,1858.34,8
722,403,164,1,56528.31,40
723,301,123,1,35561.27,96
724,915,100,3,45845.48,80
725,924,139,4,59267.39,74
726,487,197,1,83174.92,62
727,395,13,1,88369.1,86
728,369,72,2,74106.37,89
730,884,133,1,66253.13,91
731,557,164,5,37615.19,57
732,247,168,1,40743.3,4
733,512,97,3,68658.99,38
734,381,48,3,4095.91,9
735,568,168,2,37056.23,76
736,563,81,1,39087.28,1
737,398,149,2,89574.13,79
738,517,90,5,17673.38,13
739,84,51,3,51533.45,1
740,15,9,2,14971.4,18
741,619,5,5,61010.77,97
742,596,171,5,51122.88,31
744,325,117,3,15717.39,89
745,13,100,3,27364.78,94
746,737,47,4,9800.75,51
747,800,132,3,77371.45,17
749,776,114,5,13230.86,61
750,842,30,4,58888.19,87
752,629,41,4,64671.47,74
753,94,65,3,43211.58,81
754,186,85,5,58958.96,31
755,833,40,2,27908.37,50
756,819,67,3,81082.33,3
757,130,192,1,28918.7,34
758,178,15,3,65150.63,69
759,650,122,2,82918.12,88
760,953,159,2,82103.54,37
761,628,68,5,86553.95,86
762,55,132,3,68479.95,8
763,309,143,4,25389.18,91
764,491,65,2,30420.86,83
765,195,65,2,76375.76,57
766,697,149,3,38259.95,9
767,133,140,3,9248.48,41
768,200,123,4,72867.9,22
769,101,143,5,82361.48,44
771,938,26,3,84393.88,64
772,929,164,3,9679.5,89
773,444,20,2,16601.86,29
774,755,8,1,32457.36,55
776,825,109,2,37805.11,14
777,929,148,4,25011.16,32
778,376,56,3,86653.91,68
779,176,173,4,27235.5,47
780,286,104,5,63610.02,79
781,754,84,2,94511.85,24
782,714,158,2,1765.94,51
783,602,79,5,46874.44,21
784,341,59,2,6075.08,9
785,861,49,2,42655.4,0
786,520,80,4,76328.75,35
787,38,141,3,74624.93,7
788,761,3,1,2079.64,40
789,40,40,1,1768.54,86
790,51,95,2,98083.37,64
791,634,20,5,65326.6,53
792,719,137,2,76543.5,42
793,939,19,5,91258.75,85
794,54,173,5,35709.77,46
795,834,27,3,37605.45,25
796,686,178,5,36197.08,63
797,492,84,1,99483.51,38
798,271,148,2,85864.46,19
799,648,119,3,24404.97,46
800,412,143,2,51696.18,35
801,586,138,5,57564.41,48
802,350,74,5,67082.42,52
803,214,64,3,46498.02,12
804,907,31,1,75230.09,19
805,854,185,2,34929.44,7
806,738,95,1,61940.31,63
807,837,134,4,13136.4,25
808,304,194,1,7081.45,20
809,674,37,5,3199.97,72
810,448,158,4,63337.77,89
811,106,57,4,82265.42,96
812,479,95,1,140.68,29
813,394,190,4,17421.3,49
814,633,165,2,55998.6,81
815,397,132,1,95554.67,46
816,865,118,4,34210.9,77
817,730,154,3,95745.67,25
818,186,57,5,48264.4,82
819,766,29,1,82463.05,34
820,730,105,4,20161.03,26
821,382,57,4,61225.9,2
822,644,50,2,24799.91,89
823,692,58,5,53891.24,21
824,448,36,3,39427.18,49
825,199,193,1,83557.88,6
826,824,71,2,29474.05,65
827,297,172,3,34347.76,23
828,587,17,5,51007.64,58
829,907,111,1,72659.15,7
830,970,63,4,67424.79,78
831,393,171,4,64730.0,5
832,793,176,1,14750.46,31
833,892,32,3,93401.84,6
835,290,105,1,84392.44,25
836,714,129,4,22342.42,18
838,131,105,3,94779.73,93
839,525,96,5,11653.01,66
840,974,198,4,66562.74,27
842,650,162,2,47390.93,71
843,645,17,2,42544.26,45
844,282,27,4,203.57,46
845,335,122,5,66573.4,60
846,940,123,3,59293.45,65
847,466,163,4,49721.1,12
848,510,158,5,22400.93,6
849,533,198,2,54598.18,7
850,344,66,2,79009.85,47
851,958,141,5,55067.08,91
852,646,192,5,52808.47,19
853,600,34,5,22158.92,43
854,410,128,1,70325.37,77
855,829,167,5,21307.43,21
856,406,29,5,30520.98,47
857,397,191,1,97836.68,49
858,379,94,5,14619.76,39
859,618,119,3,69512.33,62
860,602,38,3,41343.17,3
862,861,151,3,81503.31,28
863,206,99,1,249.2,0
865,418,44,1,24228.64,24
866,210,181,2,53913.69,17
867,50,195,4,22412.81,20
868,535,145,5,1807.28,63
869,998,17,5,31504.27,67
870,159,152,5,67114.28,26
871,331,69,2,35413.26,77
872,444,134,2,73543.13,35
873,664,103,1,84025.62,2
874,507,176,3,40319.99,56
875,74,121,1,31034.38,2
876,504,129,4,23623.01,45
877,989,68,4,33153.81,59
878,87,61,4,33738.4,4
879,985,114,3,88388.87,3
880,972,51,5,64156.24,66
881,144,91,4,67757.25,80
882,265,56,2,74545.79,11
883,422,79,1,6638.02,74
884,304,5,2,97880.15,78
885,675,121,3,95254.46,26
886,939,177,1,35700.85,28
887,963,125,4,14134.87,36
888,579,108,5,35345.89,1
889,93,129,2,68901.95,94
890,49,42,2,90924.54,73
891,629,17,1,318.17,93
892,266,134,4,94905.46,50
893,475,113,4,60216.01,15
894,955,65,2,75562.19,16
895,449,180,1,34998.84,28
897,50,146,5,94202.32,69
898,943,192,2,9913.75,3
899,946,30,5,37645.78,85
900,402,132,5,36027.77,82
901,462,4,3,49094.25,2
902,520,142,4,65011.03,96
903,816,158,4,85440.46,28
904,423,197,1,22713.01,33
905,440,191,3,82827.4,33
906,58,188,1,19812.04,42
908,918,69,5,74234.78,94
909,759,129,3,64584.52,82
910,618,129,1,14129.99,14
911,31,12,4,90621.23,6
912,269,162,1,38512.19,39
913,33,31,5,9867.0,14
914,678,27,4,4219.61,94
915,328,23,4,81810.16,0
916,51,149,3,55785.07,87
917,813,14,4,63463.13,97
918,161,46,1,10485.4,50
919,335,7,4,71450.25,92
920,148,174,2,91966.09,95
921,445,85,1,65487.57,97
922,872,54,5,28941.25,73
923,839,187,2,88841.58,84
924,619,28,3,41781.92,27
926,478,169,4,44849.29,93
927,22,143,1,10642.51,70
928,241,138,2,89470.4,73
929,966,27,3,78835.27,21
931,481,21,1,49023.53,22
932,30,143,4,36254.1,36
933,526,82,5,49436.36,19
934,35,91,3,91059.33,61
935,753,122,5,66277.43,30
936,338,184,3,45808.48,78
937,564,60,5,42332.1,20
938,353,136,2,64746.03,5
939,789,67,3,7293.7,40
940,837,68,1,55271.2,8
941,275,115,2,2731.31,90
942,583,55,4,74159.68,6
943,869,116,4,10984.48,70
944,579,126,1,20402.12,86
945,227,84,3,67089.15,1
947,40,144,2,74694.25,84
948,805,2,4,66860.34,70
949,408,20,3,32738.87,72
951,199,114,5,24569.3,54
952,128,91,4,93759.67,57
953,168,164,3,74888.87,37
954,917,118,5,66554.79,93
955,195,110,4,42239.74,82
956,341,151,1,46000.63,38
957,404,70,2,56112.77,97
958,656,96,4,33937.06,49
959,945,150,3,26637.32,29
961,823,53,3,13790.49,72
963,85,138,5,52153.13,1
964,200,118,2,31211.91,68
965,336,41,2,73708.5,47
967,616,13,1,98562.4,11
968,259,78,2,10635.39,99
969,4,17,4,62598.87,78
971,886,167,3,94832.42,44
972,942,161,1,95583.51,87
973,333,180,5,92812.24,52
974,10,159,3,60815.95,74
976,945,197,3,56478.42,20
977,474,145,1,14311.12,75
978,511,20,2,28758.3,35
979,29,92,1,43531.46,33
980,233,200,1,78499.26,20
982,252,57,5,18382.9,23
983,460,156,1,82129.68,18
984,656,20,1,24479.58,48
985,937,122,4,54167.71,28
986,334,115,5,22862.23,92
987,465,113,3,23996.12,94
988,516,188,5,45074.9,69
989,147,87,2,6180.45,55
993,215,168,4,69147.57,53
994,46,190,4,15432.22,80
995,944,71,1,9986.98,68
996,753,80,5,75087.97,76
997,656,55,2,2521.56,7
998,790,130,2,75811.67,86
999,148,86,2,73620.3,35
1001,179,154,5,91281.15,15
1002,243,1,4,52730.69,91
1003,381,172,1,34314.91,35
1004,581,83,1,84516.05,22
1005,364,143,2,80671.3,91
1006,946,196,1,51400.36,85
1007,94,56,4,55683.31,81
1008,289,118,3,83023.99,80
1009,669,45,1,68510.01,61
1010,664,154,3,61777.22,91
1012,669,197,3,11373.17,82
1013,654,170,2,26260.75,8
1014,494,34,2,44825.79,98
1015,213,160,3,13382.59,70
1016,464,10,2,77113.73,25
1017,543,80,2,1769.73,4
1018,937,200,3,34251.53,45
1019,776,68,4,81190.72,68
1020,960,188,5,23154.43,17
1021,971,61,2,92664.88,19
1022,507,94,3,56718.33,66
1023,164,73,3,26946.77,46
1024,971,171,2,59819.23,56
1026,274,85,2,82297.99,75
1027,951,48,2,64922.37,80
1028,112,109,4,64317.17,23
1029,773,165,4,23098.36,81
1030,172,34,1,51841.79,82
1031,523,40,2,80850.07,60
1032,373,188,5,90310.55,95
1033,885,64,3,56673.82,30
1034,917,98,5,21595.45,38
1035,149,154,2,50820.42,65
1036,196,86,2,79550.14,72
1037,816,195,2,2738.1,46
1038,984,19,1,15034.35,75
1039,467,169,4,5642.16,64
1040,781,17,2,78473.96,44
1041,952,101,1,60946.4,54
1042,927,82,1,27399.29,16
1043,472,193,4,50907.48,38
1044,720,127,4,5196.36,59
1045,616,15,4,37764.41,18
1046,408,37,4,35000.43,34
1047,9,63,2,5719.91,83
1048,26,34,4,91813.99,9
1049,585,51,1,46924.6,96
1050,904,40,1,53406.77,53
1051,199,182,2,49983.48,20
1052,558,144,5,51022.27,53
1053,341,48,1,31021.25,18
1054,89,135,2,61380.26,29
1055,207,153,4,73714.69,51
1056,480,166,4,25222.7,1
1057,992,188,5,8016.24,53
1058,76,1,2,2281.11,4
1059,339,60,2,96550.21,58
1060,480,196,5,34329.48,60
1061,955,93,4,31970.18,19
1062,201,138,3,71443.28,41
1063,481,111,1,91194.67,9
1064,311,200,2,33408.97,66
1065,912,6,1,70533.43,62
1066,981,61,5,262.08,15
1068,984,178,2,22839.8,37
1069,22,8,1,79936.62,38
1070,552,142,4,27531.07,24
1073,963,26,4,34185.56,54
1074,143,76,2,35315.46,90
1075,808,54,5,62105.07,77
1076,643,170,3,16878.69,62
1077,785,114,5,28118.56,62
1078,827,102,4,44872.74,99
1079,116,176,5,81029.36,100
1080,570,156,3,25950.38,41
1081,367,157,1,18157.26,54
1082,848,199,2,5972.8,97
1083,861,9,3,78982.09,13
1084,189,192,5,69683.12,71
1085,660,44,1,64470.52,7
1087,1000,174,4,1978.6,23
1088,833,21,5,66552.69,71
1089,853,128,4,94840.83,95
1090,985,27,2,35151.18,40
1091,807,191,2,29062.38,30
1092,874,147,4,47293.59,27
1093,53,107,3,45383.48,51
1094,169,142,1,66164.29,43
1095,514,148,5,27236.74,27
1096,812,143,1,83414.25,3
1097,157,93,2,14512.58,12
1098,718,196,3,7978.05,94
1099,195,121,1,83761.58,24
1100,590,190,4,90971.92,66
1101,755,148,5,70317.68,15
1102,691,12,4,87334.59,21
1103,909,153,1,80840.05,52
1104,90,89,3,82601.51,85
1105,768,97,2,50189.65,0
1106,949,83,4,33817.8,79
1107,914,180,4,9504.3,65
1108,562,173,5,79633.32,49
1109,803,111,2,7935.39,87
1110,417,128,1,77322.81,88
1111,120,27,1,83597.33,49
1112,72,7,1,26848.36,47
1113,386,117,4,80773.94,11
1114,444,194,2,95078.63,7
1115,998,110,5,37611.71,9
1116,647,8,1,16659.52,22
1117,1,186,2,34544.48,44
1118,765,44,2,93071.73,17
1119,151,23,1,45267.42,78
1120,213,83,4,87657.83,73
1121,528,122,3,66646.83,11
1122,590,106,2,17555.38,73
1123,417,179,4,9170.12,42
1124,549,159,4,16037.24,88
1125,782,101,3,14356.35,38
1126,171,149,3,50190.35,65
1127,689,75,4,26733.01,1
1128,802,16,3,74390.35,38
1129,722,158,4,93241.87,59
1131,404,54,5,79097.67,69
1132,445,54,4,30832.96,68
1133,731,144,2,1249.08,59
1134,405,89,2,5961.92,21
1135,619,82,1,4579.37,35
1136,482,61,1,24316.53,60
1137,444,38,4,56963.43,33
1138,861,177,2,10875.83,20
1139,322,97,5,28977.64,18
1140,885,20,4,97285.54,48
1141,543,126,1,13550.32,13
1142,708,197,5,4411.43,77
1143,332,197,2,33158.87,69
1144,957,178,1,78514.3,14
1145,687,10,3,98212.22,97
1146,274,10,4,72374.35,78
1147,248,121,3,42838.59,49
1148,913,121,4,2079.46,7
1149,433,78,2,39232.79,8
1150,852,113,1,11991.96,11
1151,542,18,4,88988.55,48
1152,92,182,1,24935.42,23
1153,529,22,3,54862.71,67
1154,97,138,3,72087.4,75
1155,527,14,5,41312.22,83
1156,927,125,4,28012.87,24
1157,880,162,4,3380.94,53
1158,279,111,3,36974.45,4
1159,213,63,4,4588.61,59
1160,875,147,5,43903.17,21
1161,559,153,2,20187.04,100
1162,196,22,1,56363.09,93
1163,71,42,5,92467.0,16
1164,197,23,4,44928.97,76
1165,171,134,1,51417.46,80
1166,433,123,2,97099.31,39
1167,842,133,3,46271.06,14
1168,939,88,2,30481.12,17
1171,278,113,2,62034.88,91
1172,118,120,5,16062.95,21
1173,767,147,1,75008.67,80
1174,752,184,4,14516.55,92
1175,548,30,1,11784.54,100
1177,696,47,5,78192.18,42
1178,178,130,5,12972.03,73
1179,879,128,4,74701.55,39
1180,675,85,1,51830.8,63
1181,414,187,5,84137.83,26
1182,686,162,3,8410.95,65
1183,295,20,1,48281.51,65
1184,838,47,5,81310.15,17
1185,500,109,5,62812.44,4
1186,605,93,5,47477.68,40
1187,334,109,5,2548.46,41
1188,142,73,3,87229.23,68
1189,581,155,1,30404.39,8
1190,767,162,4,28351.5,39
1191,406,194,3,4503.13,26
1192,109,165,3,12130.19,0
1193,568,132,4,45003.27,83
1194,650,19,5,44945.35,64
1196,62,91,4,91911.71,79
1197,148,140,2,20788.05,5
1198,483,170,5,58587.68,59
1199,2,200,1,11129.67,33
1200,225,37,4,16645.46,91
1201,280,70,3,84695.62,43
1202,478,89,4,5327.16,51
1203,500,73,1,74279.32,30
1204,829,42,3,37751.57,18
1206,900,16,1,83735.07,53
1207,90,27,2,90388.6,46
1208,586,181,4,33347.54,81
1209,272,116,1,70429.6,19
1210,444,90,1,96340.0,51
1211,975,76,4,94755.98,94
1212,947,134,4,46603.53,58
1214,628,170,5,35683.03,53
1216,75,147,1,50802.62,71
1217,32,123,5,64492.31,74
1218,65,51,3,60993.36,78
1219,621,119,5,29419.81,98
1220,316,160,4,59684.28,85
1221,726,197,4,83214.12,56
1222,329,134,4,44443.96,1
1223,712,34,5,99888.58,89
1224,258,183,2,95575.01,92
1225,946,129,1,81886.86,76
1226,449,56,3,47895.38,74
1227,698,175,2,12068.14,47
1228,851,22,4,71858.34,5
1229,963,54,3,98502.32,58
1230,942,46,3,66598.39,9
1231,954,89,2,55178.01,78
1232,570,54,2,68277.08,36
1233,627,23,5,40018.98,15
1234,85,173,5,76154.61,77
1235,130,124,5,75083.62,45
1237,142,4,1,56855.88,5
1238,761,121,3,65016.8,87
1239,703,152,2,51095.52,76
1240,379,80,2,33012.14,74
1241,471,41,4,42840.58,35
1242,313,69,4,56312.61,74
1243,117,162,5,88324.48,79
1244,549,72,1,56200.06,29
1245,6,12,1,86872.86,72
1246,457,36,1,31995.26,56
1247,738,105,5,43290.91,63
1248,130,42,1,65572.87,59
1249,974,180,1,7117.98,71
1251,516,92,4,94554.74,44
1252,797,26,2,19600.5,71
1253,911,102,1,69511.52,82
1254,759,75,5,32053.88,86
1255,659,154,2,56798.11,10
1256,50,146,5,29818.2,95
1257,979,47,3,32993.32,4
1258,752,163,1,89385.84,66
1259,181,136,2,24809.93,47
1261,27,135,4,71740.9,19
1262,58,95,3,71461.24,33
1263,218,178,4,84217.08,4
1264,969,171,2,849.77,17
1265,350,42,1,48169.78,26
1266,963,71,3,62372.77,18
1268,75,83,3,40828.9,95
1269,247,122,1,93029.41,57
1270,575,2,4,83709.5,60
1271,660,188,2,55212.1,23
1272,407,49,3,57936.79,68
1273,656,35,3,66549.96,78
1274,148,163,5,24107.39,24
1275,955,135,5,10824.24,19
1276,445,177,2,46606.66,61
1277,727,22,3,9839.51,5
1278,565,123,2,42080.3,78
1279,544,39,4,35336.07,20
1280,374,171,5,51204.91,88
1281,377,50,3,75392.58,67
1283,624,156,1,51971.81,87
1284,825,77,1,48094.92,18
1285,432,107,3,7826.02,60
1286,411,7,2,76953.16,54
1287,721,115,1,35038.7,78
1289,194,24,4,46692.6,88
1290,246,125,2,19140.17,74
1291,929,111,4,69320.82,57
1292,638,54,2,51003.74,7
1293,680,135,1,65746.32,11
1294,22,34,2,65047.43,43
1295,63,169,3,39109.93,3
1296,887,170,4,36621.13,32
1297,100,58,3,42117.58,33
1298,477,74,2,63443.68,34
1299,287,78,2,11417.16,74
1300,823,50,4,33113.19,84
1301,39,9,1,48208.93,24
1302,771,112,2,71384.99,88
1304,128,114,3,96820.36,56
1305,943,128,5,27775.31,72
1306,716,115,2,18009.6,96
1307,936,194,3,5653.36,25
1308,887,93,2,27651.25,32
1309,47,185,3,73734.21,28
1310,765,100,5,76873.67,74
1311,426,11,1,26288.7,68
1312,128,128,2,52659.23,6
1314,637,94,3,79092.99,59
1315,669,61,1,56409.12,71
1316,501,9,1,91094.97,79
1317,738,35,5,2157.94,32
1318,555,5,5,20208.68,3
1319,583,38,1,53371.29,77
1320,638,74,3,18309.58,41
1321,307,93,5,56705.63,97
1323,525,144,5,89104.69,84
1324,297,43,4,80638.22,91
1325,952,36,3,85680.46,36
1326,62,171,3,97778.7,95
1327,684,53,5,64576.38,24
1329,487,157,1,34977.82,47
1330,103,116,2,55735.96,12
1331,224,164,4,16310.31,57
1332,80,171,1,76729.79,2
1333,949,60,3,19430.14,96
1334,536,114,1,36602.35,26
1335,307,14,3,1388.56,80
1336,205,134,1,91390.14,76
1338,173,63,2,57108.28,19
1339,690,31,1,99902.8,21
1340,852,7,4,84628.84,45
1341,689,84,1,64002.49,56
1342,548,107,3,99101.39,15
1343,104,72,4,90743.74,32
1344,675,55,2,565.91,67
1345,704,75,5,12903.61,65
1347,719,4,5,7673.36,31
1348,666,89,5,89826.24,98
1349,779,127,4,12884.14,17
1350,167,71,4,56514.82,3
1352,368,154,3,19968.47,7
1353,601,93,3,77807.42,93
1354,248,15,4,1842.05,68
1355,457,130,3,72928.61,36
1356,361,39,3,44575.04,81
1357,320,143,2,41223.11,21
1358,689,42,3,64208.83,96
1359,229,50,3,2616.89,63
1360,55,183,4,15761.76,56
1361,391,100,4,64574.14,34
1362,958,178,3,8590.65,45
1364,794,30,2,21992.76,76
1365,645,2,1,60183.9,52
1366,810,178,2,34535.23,69
1367,783,168,4,37959.54,30
1368,542,21,4,98927.52,5
1369,957,43,3,37282.85,91
1371,473,11,4,18264.38,61
1372,835,59,2,85045.89,5
1373,250,144,4,76025.81,77
1374,101,149,4,69106.74,91
1375,378,42,4,6356.61,35
1376,947,57,5,85594.27,96
1377,609,42,5,236.12,88
1378,32,126,4,350.24,94
1379,126,125,3,32010.0,57
1380,947,35,3,19943.27,15
1381,827,120,4,17027.6,48
1382,203,118,1,5079.12,99
1383,880,84,2,78506.16,59
1384,705,176,5,69713.51,61
1385,129,13,5,95298.53,100
1386,251,126,1,50865.18,31
1387,421,176,2,57002.73,34
1388,373,32,5,82228.34,12
1389,666,116,4,56232.84,38
1390,901,154,2,52385.77,7
1391,601,167,2,27763.36,10
1392,940,157,2,65107.84,6
1393,719,154,2,62740.79,5
1394,406,154,2,5531.04,97
1395,351,59,4,84236.38,90
1396,20,93,5,67867.9,12
1397,533,180,1,12019.57,76
1398,182,169,4,81216.02,24
1399,402,163,4,37101.64,51
1400,539,83,1,81603.43,31
1401,45,102,4,88898.63,7
1402,240,28,5,78859.54,33
1403,567,34,5,57736.86,40
1404,118,82,1,99581.42,21
1405,283,82,5,8502.47,16
1406,467,119,1,29374.7,73
1407,221,94,4,80137.76,18
1408,998,34,4,83995.83,29
1409,585,77,3,83712.59,28
1410,171,45,1,13228.14,89
1411,16,26,2,34578.71,82
1412,102,184,1,40459.86,78
1413,647,49,5,19508.32,30
1415,129,75,5,41143.92,12
1416,594,86,4,99243.21,84
1417,762,199,2,36417.85,53
1418,699,36,4,48347.49,65
1419,312,40,2,7242.66,61
1421,613,78,4,7610.54,74
1422,215,157,1,74454.7,51
1423,234,85,3,78647.52,45
1424,54,163,5,7678.44,63
1425,279,166,4,18567.71,48
1426,168,3,5,10857.32,90
1427,560,93,4,15446.72,68
1428,347,80,5,35796.38,25
1429,481,30,2,8210.49,4
1430,833,92,1,13837.79,45
1431,539,159,1,91304.75,65
1432,259,133,5,19336.42,71
1433,562,94,1,47867.56,29
1436,455,188,3,17811.6,99
1437,622,179,5,11037.15,74
1438,189,26,4,62160.8,46
1439,936,63,2,1907.74,23
1440,356,5,1,55570.07,9
1441,24,40,4,73404.21,22
1442,972,156,4,15710.26,30
1443,636,159,5,7371.55,27
1444,852,152,3,78999.5,27
1445,81,41,3,28854.83,65
1446,502,3,1,21617.88,53
1448,517,118,3,38262.18,18
1449,105,89,1,81673.02,9
1452,87,158,3,29803.02,27
1453,927,50,4,80617.53,48
1454,874,30,5,6484.82,50
1455,342,14,4,32508.72,53
1457,203,123,3,87949.79,62
1458,733,64,4,33580.33,61
1460,482,155,1,58460.89,67
1461,684,177,4,5663.53,66
1462,32,23,4,84839.58,42
1463,362,34,3,56303.89,4
1464,679,160,2,40337.02,67
1465,687,41,4,74817.86,31
1466,338,16,2,84016.97,38
1467,55,94,1,87458.31,24
1468,481,172,2,44305.7,1
1470,222,168,1,99896.97,99
1471,824,64,4,67074.13,33
1472,551,25,5,30411.19,49
1475,854,82,2,21014.07,58
1476,119,58,3,94043.96,87
1477,540,175,4,56913.05,62
1479,189,144,5,81777.19,38
1480,141,191,2,40540.48,53
1482,307,178,1,40482.95,90
1483,846,184,4,62736.35,57
1484,111,108,2,7047.52,81
1485,145,130,2,1213.88,79
1486,631,104,5,39998.72,21
1487,503,108,3,19452.58,20
1488,104,120,4,42456.0,80
1489,71,45,2,83613.69,35
1491,548,80,4,39217.94,100
1492,523,20,2,60156.97,33
1493,824,122,4,3363.44,35
1495,436,45,3,511.24,57
1496,345,140,3,78569.99,85
1497,289,126,3,45270.71,34
1498,966,21,1,42667.56,92
1499,2,39,2,38096.63,65
1500,198,62,2,18577.13,47
1501,900,56,2,83079.7,82
1502,674,110,4,67345.0,65
1503,323,66,1,92234.97,65
1504,215,29,2,36740.08,83
1505,840,22,2,98193.9,95
1506,206,9,2,80738.84,40
1507,601,158,5,34615.29,28
1508,727,82,2,92153.95,83
1509,340,200,1,89494.24,35
1510,78,82,2,14756.92,19
1511,103,114,3,53589.71,75
1512,476,185,3,87720.96,45
1513,536,156,4,88444.39,1
1514,728,43,1,86892.66,89
1515,787,9,1,61499.85,59
1516,89,24,1,35346.04,6
1517,942,38,4,23711.64,24
1518,16,59,3,72766.78,82
1519,441,176,2,55969.24,4
1520,633,119,5,49727.82,24
1521,247,161,3,5382.3,54
1522,127,184,2,44323.39,16
1523,26,106,5,85826.52,100
1524,842,36,4,92162.31,11
1525,965,144,4,61821.95,91
1526,125,141,1,96715.67,14
1527,771,173,5,61708.3,37
1528,649,158,2,4069.14,17
1529,215,85,5,65846.65,17
1530,873,89,1,65935.92,58
1531,728,116,4,791.39,95
1532,385,63,4,64786.66,93
1533,822,136,5,89270.09,22
1534,941,174,3,82889.35,27
1535,787,48,2,80339.58,30
1536,216,126,1,42834.2,32
1537,412,32,3,5496.44,27
1538,34,142,3,99922.02,27
1539,350,53,2,20973.4,92
1540,685,66,3,1901.45,43
1541,744,73,4,61321.85,12
1542,644,126,1,47139.46,42
1543,715,74,3,38492.29,72
1544,924,165,2,62141.62,54
1545,71,182,4,66601.1,69
1546,575,118,5,92458.11,100
1547,704,165,4,28267.08,0
1548,667,137,2,74803.01,30
1549,469,138,3,66755.31,25
1550,444,1,3,12029.71,81
1551,161,14,1,81707.55,3
1552,612,78,2,15949.45,66
1553,999,134,5,57386.62,69
1554,636,21,4,43500.46,32
1555,896,26,5,73523.71,20
1556,432,25,2,14084.77,16
1557,59,192,1,14984.04,60
1559,24,6,3,70417.87,75
1560,303,16,1,74660.29,25
1561,534,105,2,25198.94,15
1562,665,4,1,88485.84,56
1563,241,26,3,50616.25,39
1564,18,82,5,96099.23,87
1565,815,28,5,84569.49,64
1566,796,173,1,17192.88,41
1567,66,132,4,69895.54,48
1568,736,71,4,81918.71,74
1569,877,133,5,48878.72,33
1570,188,36,2,32846.75,43
1571,585,105,4,58921.28,71
1572,241,142,3,11864.22,19
1573,493,66,3,63543.58,44
1574,431,108,5,91219.85,25
1575,403,133,2,68170.32,31
1576,878,26,2,34453.73,53
1577,705,191,3,32579.44,49
1578,773,160,2,59341.59,62
1579,727,136,1,84542.84,33
1580,151,79,1,72202.18,82
1581,228,176,5,5157.67,70
1582,127,158,3,99890.55,11
1584,841,125,4,72234.24,81
1585,170,13,3,54076.95,51
1586,828,78,1,97452.83,53
1587,209,58,4,91652.19,7
1588,848,102,3,96573.3,36
1589,178,156,2,35604.81,50
1590,565,122,2,36524.15,0
1591,128,85,2,51502.17,76
1592,192,34,5,25506.81,2
1593,365,151,2,83629.13,32
1595,427,47,2,85780.92,24
1596,735,52,1,87587.52,50
1597,575,150,4,65739.25,34
1598,844,188,2,31141.45,31
1599,471,83,1,76839.51,69
1600,933,39,2,2206.33,80
1601,424,65,3,23325.73,27
1602,216,89,1,87165.93,73
1603,921,115,1,34754.4,91
1604,565,77,3,81153.0,53
1605,42,85,3,32939.17,63
1606,311,9,4,942.33,37
1607,683,123,2,6504.37,23
1608,286,97,1,82487.35,24
1609,768,184,4,99395.67,5
1610,271,145,1,32382.45,57
1611,79,139,3,54102.83,25
1612,944,28,2,26642.8,32
1613,234,35,4,88494.21,75
1614,799,53,1,74923.55,94
1615,474,21,2,4259.69,3
1617,600,27,5,82016.24,27
1618,281,32,4,10678.06,95
1619,982,98,1,56752.67,22
1620,649,68,5,33276.58,70
1621,66,194,5,34299.17,36
1622,81,200,2,71566.19,92
1623,928,142,2,29539.49,52
1624,69,6,1,60092.19,61
1625,81,44,5,85754.61,88
1626,721,6,3,96222.03,80
1627,415,140,1,869.19,42
1628,154,16,5,52335.58,17
1630,545,48,5,12114.99,5
1631,994,193,2,67074.65,14
1632,592,71,1,90914.42,58
1633,563,173,3,80341.13,48
1634,640,97,2,10936.33,5
1635,713,30,2,70158.66,77
1636,903,115,2,7055.55,42
1638,296,119,5,56477.39,31
1639,724,58,4,93887.52,41
1640,430,49,3,38453.46,80
1642,555,20,5,62039.45,43
1643,844,110,3,53359.95,16
1644,890,128,5,24440.59,42
1645,650,21,3,23243.72,9
1646,383,100,4,68913.94,68
1647,618,149,5,60731.28,22
1648,261,156,5,25260.22,0
1649,536,121,3,36042.42,37
1651,713,17,3,5137.45,1
1652,380,83,4,33350.58,12
1653,175,188,2,43325.38,18
1654,234,29,5,15103.61,17
1656,530,44,4,76224.11,66
1657,382,163,1,22541.65,1
1658,782,196,5,14663.1,31
1660,549,26,5,92517.29,94
1661,279,116,3,28536.2,88
1662,624,133,5,57361.2,25
1663,449,155,3,18799.49,42
1664,528,7,2,98417.78,64
1665,401,8,2,78759.98,92
1666,439,60,2,37349.19,15
1667,767,101,2,18696.82,51
1668,520,135,2,6947.21,17
1669,263,190,1,44723.7,80
1670,734,55,1,250.78,53
1672,109,175,2,58229.65,70
1673,828,185,1,26880.32,76
1674,771,145,1,34322.15,83
1675,341,85,5,10857.65,39
1676,185,62,3,68537.96,8
1677,749,169,4,44968.57,45
1678,128,167,1,76628.83,51
1679,389,96,1,22330.35,37
1680,850,4,5,50159.91,69
1681,442,162,1,16499.82,39
1682,155,56,5,83436.34,27
1683,115,168,2,65674.77,61
1684,678,73,5,34237.45,9
1685,554,120,2,49987.91,36
1686,250,63,2,60029.27,4
1687,327,37,1,16863.82,26
1688,52,154,2,66371.23,12
1690,17,153,3,54060.6,64
1691,604,4,5,70969.75,45
1692,859,40,3,28094.41,13
1693,660,59,2,74261.75,52
1695,644,58,3,47570.58,24
1696,288,198,5,12546.33,84
1698,156,122,1,15255.11,59
1700,125,8,4,99966.22,19
1701,178,20,3,97897.03,27
1702,567,75,2,58293.03,86
1703,654,159,3,14382.13,65
1704,410,42,3,74395.13,96
1705,263,21,1,71668.37,61
1706,40,62,3,60195.67,63
1707,972,175,5,87572.91,14
1708,193,156,4,93072.48,52
1709,487,158,1,90516.44,18
1710,998,49,1,62572.26,67
1711,295,174,3,95529.09,99
1712,226,41,4,9348.04,73
1713,501,107,2,95304.51,63
1714,838,119,5,27752.55,41
1715,597,142,2,36118.27,100
1717,89,46,2,52893.02,31
1719,272,139,3,74826.08,50
1720,373,102,1,12471.52,94
1721,193,41,3,52632.9,2
1722,605,42,4,57944.14,9
1723,716,173,1,44529.47,81
1724,455,171,3,45638.99,91
1725,402,42,4,44000.89,54
1726,634,79,1,88962.9,60
1727,766,97,5,70498.34,39
1728,263,183,2,86723.63,25
1729,604,74,5,57225.81,98
1730,316,157,1,97528.39,58
1731,456,44,2,83081.16,84
1732,649,116,4,37006.96,77
1733,447,38,5,33597.42,87
1734,425,19,4,82550.93,25
1735,343,187,5,90425.08,39
1736,896,21,5,97717.07,13
1738,529,75,4,96321.91,58
1739,860,94,1,98774.45,14
1740,931,29,4,28783.72,23
1741,1000,89,1,89169.84,29
1742,358,27,4,2570.65,35
1743,847,34,3,20401.16,8
1744,208,45,4,24227.28,77
1745,365,88,5,66576.69,73
1746,925,146,3,75561.97,53
1747,383,96,1,77371.18,10
1748,286,194,1,21860.99,61
1749,534,157,2,90029.9,40
1750,666,130,3,86551.44,51
1751,829,176,2,17447.76,41
1752,677,78,5,46528.2,4
1753,649,55,1,75719.29,93
1754,403,168,1,92585.59,8
1755,44,149,5,76367.94,50
1756,348,18,4,61609.23,68
1757,780,17,4,15283.12,99
1758,762,79,3,77225.17,40
1760,482,91,3,91040.58,21
1761,637,47,1,78782.04,18
1762,853,58,1,66023.44,74
1763,780,75,4,21317.9,34
1764,501,60,1,69710.48,80
1765,178,189,2,14654.68,47
1766,379,39,2,11328.83,79
1767,270,125,1,87250.84,91
1768,414,103,4,58127.9,13
1769,601,93,4,95435.61,84
1770,379,93,1,12800.5,65
1771,280,76,3,32395.27,83
1772,520,182,5,14720.14,98
1774,846,151,1,92318.2,80
1775,834,46,4,27270.76,89
1776,361,86,2,32753.38,24
1777,130,20,2,7481.98,62
1778,61,44,4,6297.7,69
1779,389,167,4,42852.36,18
1780,401,177,1,58204.22,1
1781,766,122,5,90169.71,24
1782,941,173,2,71896.91,5
1783,186,140,1,64912.24,46
1784,490,75,2,47256.51,22
1785,365,125,5,29801.77,85
1786,206,123,1,31305.26,50
1787,873,192,3,30718.26,70
1788,500,72,4,64754.36,27
1789,163,156,4,34193.55,96
1790,824,150,3,59260.47,83
1791,931,189,2,20385.34,14
1792,389,21,2,90012.72,50
1793,394,18,4,72245.41,36
1794,571,2,5,28247.31,35
1795,560,170,5,80469.53,16
1796,198,10,4,59551.73,15
1797,377,145,1,75007.39,73
1798,92,54,5,12227.4,96
1799,108,105,1,96702.58,38
1800,580,187,2,63395.93,47
1801,125,178,3,5998.52,45
1802,202,4,4,30277.71,51
1804,608,151,1,58970.08,64
1805,725,49,4,39078.68,50
1806,583,103,1,63977.03,74
1807,436,37,3,84120.71,49
1808,2,6,5,37011.28,79
1809,283,187,1,29804.86,62
1811,890,74,2,42505.71,44
1812,942,13,2,23383.26,22
1813,868,199,5,9263.39,20
1814,366,166,3,24844.11,65
1815,879,103,2,41917.8,14
1816,860,110,1,74035.69,85
1817,396,137,5,2074.65,45
1818,259,53,5,55336.67,45
1820,641,64,1,52359.21,74
1821,666,132,1,37308.72,58
1822,23,22,4,68275.67,50
1824,280,9,3,40600.26,27
1825,526,40,4,36045.16,58
1826,782,103,1,35190.89,92
1828,397,106,5,15091.59,67
1829,312,135,2,44185.76,95
1830,108,146,4,29349.02,42
1831,846,59,1,67308.87,29
1832,55,144,4,86718.95,32
1833,519,167,4,40866.94,13
1834,328,160,5,79471.81,81
1836,303,168,1,68766.9,43
1837,491,160,1,80210.38,94
1838,142,43,3,11588.65,26
1840,771,41,3,17204.77,51
1841,957,91,3,89344.76,80
1842,623,33,5,82582.35,50
1844,291,87,4,92163.07,65
1845,438,139,5,45315.51,92
1846,880,24,2,78585.1,48
1848,12,199,1,88196.74,52
1849,309,161,5,81314.52,86
1850,665,102,1,74521.33,0
1851,477,161,5,78586.82,16
1852,168,198,5,38062.64,69
1853,612,182,2,6789.95,46
1854,33,155,2,25767.77,44
1855,877,4,1,1874.6,74
1856,561,77,3,96842.31,73
1857,23,31,1,23219.02,18
1858,498,138,5,79300.39,15
1859,213,196,1,33135.88,34
1862,438,162,2,1631.25,72
1863,146,61,5,12847.57,81
1864,674,52,2,96862.7,91
1865,458,104,4,11861.28,23
1866,124,15,2,89596.42,49
1867,699,22,4,98222.83,13
1868,138,3,5,74359.35,70
1869,458,174,2,92925.0,96
1870,50,189,5,62554.66,45
1871,373,26,5,28096.03,64
1872,503,66,3,3481.8,44
1873,409,188,5,31956.95,16
1875,114,174,4,48100.98,30
1876,684,180,1,88909.53,35
1877,938,25,2,82515.53,57
1879,270,161,2,82213.89,92
1880,721,102,5,65117.43,21
1881,880,179,4,71907.19,10
1882,397,149,2,57938.5,19
1883,607,164,1,14748.73,26
1884,770,131,3,59027.58,78
1885,915,15,3,31802.72,58
1886,479,188,2,32991.79,73
1887,355,103,2,44352.21,13
1888,613,97,3,56428.29,69
1890,474,59,3,20544.77,4
1891,363,32,3,65964.25,40
1893,390,47,1,80467.61,100
1894,631,169,1,91737.0,63
1895,320,144,4,5665.13,53
1896,182,75,2,8330.48,42
1897,362,188,5,33104.62,30
1898,495,50,4,53318.1,71
1900,154,39,2,63486.04,22
1901,44,155,4,11510.85,97
1902,285,72,5,70951.31,98
1904,707,123,3,99187.47,44
1905,528,97,1,89306.72,84
1906,989,120,4,19028.91,95
1907,675,86,5,57785.74,39
1908,150,11,2,94535.12,50
1909,604,114,5,41483.81,75
1910,17,84,5,7488.04,63
1911,539,185,2,65686.63,98
1912,619,96,4,7981.18,15
1913,4,17,5,27871.38,8
1914,417,142,5,71562.29,76
1915,542,103,5,54541.86,29
1916,383,83,3,75074.86,48
1917,975,15,4,5133.45,5
1918,211,81,3,74618.8,17
1919,734,82,5,78182.34,64
1920,227,136,4,46922.35,11
1921,272,70,4,86022.25,0
1922,148,139,2,13939.93,77
1923,390,113,2,6575.01,10
1924,699,118,4,71543.36,90
1925,899,66,3,889.11,61
1926,213,2,4,70985.56,6
1927,821,190,3,88992.53,16
1928,820,41,3,24893.86,100
1929,406,42,2,7794.38,79
1930,847,198,1,9243.58,67
1931,574,17,2,59620.65,57
1933,472,189,2,52031.68,1
1934,134,104,4,69555.99,4
1935,339,145,4,5130.98,23
1936,849,157,3,79526.83,73
1937,196,17,1,97667.29,71
1938,805,143,3,10759.25,19
1939,319,1,4,28207.27,6
1940,571,20,3,36651.2,25
1941,339,164,5,11953.39,59
1942,230,88,1,97912.86,9
1943,242,188,4,89783.46,54
1944,341,191,3,58620.96,35
1945,586,19,1,52238.92,80
1946,132,156,4,41748.66,53
1947,986,62,4,14599.24,53
1948,524,107,5,8556.1,94
1949,801,167,2,9369.92,6
1950,907,185,5,14459.62,43
1951,469,144,1,56060.16,0
1952,404,41,4,559.06,17
1953,917,61,1,8620.3,27
1954,610,101,3,76147.6,90
1955,564,63,2,33339.49,4
1956,451,142,5,41013.83,1
1957,247,84,5,39894.97,11
1958,72,117,2,63708.01,51
1959,743,147,1,26009.19,67
1960,575,170,1,26085.26,95
1961,513,166,1,84064.58,49
1962,861,105,3,70731.51,75
1963,969,79,5,34290.27,61
1965,629,14,4,3954.58,79
1966,470,147,2,45579.76,89
1967,595,45,3,40067.48,20
1968,489,103,4,18575.52,39
1969,115,11,1,89969.5,50
1970,977,143,2,42094.78,29
1971,443,3,4,66028.94,25
1972,943,178,1,48892.79,40
1973,428,118,2,63555.12,62
1974,841,24,1,46098.27,8
1975,638,115,2,77865.24,95
1976,443,119,3,67190.97,8
1977,628,196,1,74216.3,29
1979,486,173,5,27512.99,85
1980,32,23,4,46523.44,66
1981,71,145,5,11119.81,59
1982,582,177,1,82493.61,21
1983,713,51,4,85492.48,15
1984,179,70,3,62014.36,72
1985,225,113,2,17686.57,66
1986,11,11,1,82560.13,77
1987,329,135,1,89619.07,29
1988,844,78,3,19910.74,68
1989,684,2,4,9350.3,67
1990,437,124,3,16468.37,79
1991,601,50,2,60959.26,91
1992,553,193,2,31896.18,49
1994,634,149,5,68010.42,74
1996,492,73,3,5806.25,51
1997,786,185,2,74234.27,63
1998,781,17,3,65908.2,53
1999,561,120,1,50574.72,86
2000,362,112,4,32965.26,97
2001,713,153,2,97617.0,40
2003,148,168,2,79390.56,67
2004,154,61,3,54024.8,26
2005,77,20,3,98187.88,49
2007,284,124,3,4032.04,36
2008,603,49,1,45468.65,65
2009,580,142,2,54239.95,87
2010,333,82,2,16626.76,13
2011,920,124,3,54070.01,19
2012,560,84,5,98733.81,30
2013,983,43,1,21649.52,9
2014,156,177,5,25029.0,36
2015,90,19,3,45925.74,30
2016,967,175,4,10652.6,59
2017,669,37,4,47908.39,37
2018,168,199,2,87026.18,6
2019,775,135,4,11846.94,31
2020,67,80,5,88250.1,60
2021,651,166,2,42389.18,8
2023,347,76,5,15751.45,45
2024,491,121,5,12883.81,20
2026,373,101,4,84592.73,28
2027,186,19,3,64444.84,88
2029,602,23,1,77240.72,29
2030,322,13,4,12489.9,12
2031,203,154,1,30726.84,46
2032,94,127,4,54147.34,49
2033,887,85,4,77602.32,12
2034,411,193,3,13721.19,43
2035,210,160,1,54873.0,33
2036,836,29,1,7901.77,63
2037,617,72,2,31152.96,18
2039,410,29,2,51391.1,74
2040,470,136,3,32890.02,1
2041,357,52,5,5386.43,93
2042,679,25,1,91951.98,57
2045,979,90,5,3382.32,19
2046,109,129,5,5323.32,45
2047,32,47,4,77504.42,44
2048,618,65,5,44963.23,11
2049,426,61,5,45228.85,4
2050,666,4,4,50428.57,16
2051,202,51,1,19461.89,31
2052,615,77,4,43127.85,12
2053,2,98,5,47368.8,55
2054,82,44,3,58754.18,23
2055,918,157,4,67504.23,37
2056,892,156,1,4156.05,35
2057,132,46,4,58782.71,57
2058,264,109,5,72699.04,47
2059,635,157,5,92901.88,46
2060,645,6,1,61227.77,71
2063,573,58,4,17132.79,21
2064,690,104,3,55323.08,48
2066,958,22,3,98538.45,81
2067,159,57,3,77899.09,2
2068,289,173,3,79322.17,17
2069,726,27,4,23654.64,22
2070,349,143,2,99005.55,10
2071,898,171,5,82694.3,85
2072,457,154,3,77913.6,21
2073,417,145,3,32627.18,68
2074,820,160,2,11131.96,46
2075,388,36,5,75860.62,29
2076,322,53,4,57573.64,81
2077,22,101,2,93039.35,21
2078,773,5,2,57390.75,92
2079,90,179,4,91685.6,36
2080,280,101,4,26100.42,64
2081,7,147,2,10985.22,67
2082,429,197,3,35940.6,5
2083,974,30,3,38923.29,76
2084,114,175,4,96269.1,84
2086,786,26,1,80174.31,89
2087,874,103,3,63789.46,78
2088,798,5,4,78465.88,62
2089,593,20,4,40633.16,58
2090,42,131,5,54834.4,32
2091,474,115,4,98233.5,64
2092,803,194,2,2006.54,7
2093,833,143,5,52026.29,71
2094,474,148,3,21565.03,21
2095,746,123,1,63949.53,62
2096,558,92,4,81800.8,72
2097,680,138,4,22574.73,66
2098,844,133,1,48847.67,51
2099,735,98,3,73453.41,57
2100,295,29,4,41658.83,25
2101,341,162,2,85037.63,68
2102,53,12,4,98998.55,97
2103,943,47,4,83503.09,71
2104,859,87,2,2052.63,92
2105,692,103,3,15157.82,56
2106,983,138,1,79190.62,13
2107,377,76,1,27093.79,15
2108,15,165,4,74914.69,0
2109,713,5,2,96924.86,19
2110,455,161,5,26961.57,7
2111,506,101,2,22624.6,10
2112,33,61,4,47886.6,92
2113,781,169,3,94201.83,31
2114,369,61,5,67580.87,34
2115,118,15,4,85998.61,39
2116,92,144,4,24194.36,80
2117,246,93,4,10490.6,72
2118,878,175,1,79269.16,100
2119,229,51,4,48629.52,68
2120,555,174,2,63036.63,46
2122,135,15,1,7333.93,60
2123,415,168,3,484.35,50
2124,341,180,2,76594.4,12
2125,183,177,1,22219.77,81
2126,215,72,4,68902.75,11
2127,558,200,1,32105.34,94
2128,902,149,3,49986.72,87
2129,728,48,2,31823.74,16
2130,896,29,5,42019.56,13
2131,601,185,3,98720.61,44
2132,366,29,1,96668.77,4
2133,159,122,2,70748.94,8
2134,128,192,1,4944.4,15
2135,991,14,2,11015.89,71
2136,357,45,2,12215.07,76
2137,498,19,4,36660.87,46
2138,894,37,2,20429.39,96
2140,242,13,4,64707.59,46
2141,462,54,3,8236.72,71
2142,952,38,5,70690.88,48
2143,132,197,2,80393.55,89
2144,268,61,4,25949.01,32
2145,544,118,2,15781.39,94
2146,789,105,2,99102.71,5
2147,52,40,1,21396.06,76
2148,181,197,5,3019.51,68
2149,5,144,2,30373.54,15
2150,932,99,5,70576.66,32
2151,597,195,3,11875.01,55
2153,592,66,1,46290.62,50
2154,556,85,4,3078.56,79
2156,406,128,4,84670.53,43
2158,355,120,5,68056.84,28
2159,969,109,3,37414.73,30
2160,921,62,2,44613.03,48
2161,594,195,4,81898.54,11
2162,148,195,3,46946.07,85
2163,836,129,3,54082.61,92
2164,420,93,4,35107.04,42
2165,89,147,3,38599.18,8
2166,754,186,3,39889.34,22
2167,432,121,1,62385.07,64
2168,199,76,3,87009.71,11
2169,90,161,5,60047.92,10
2170,24,46,4,57659.43,5
2171,594,133,1,56728.3,59
2172,378,108,3,5090.72,43
2173,631,200,4,92865.17,50
2174,707,49,3,16920.78,24
2175,183,30,2,4738.37,78
2176,504,55,3,16075.67,34
2177,736,165,5,98244.96,4
2178,426,115,4,57376.26,45
2179,307,93,2,85380.39,33
2180,676,176,4,43556.76,76
2181,179,158,4,5992.54,60
2182,952,129,4,34149.34,56
2183,506,114,3,4767.03,30
2184,108,186,1,20354.28,60
2185,979,25,5,115.03,92
2186,415,17,4,98245.86,67
2188,658,200,1,76065.8,83
2189,458,91,5,13374.23,14
2190,136,20,5,15581.99,39
2192,122,60,3,57263.4,61
2193,982,58,2,84825.86,90
2194,948,122,4,76928.9,68
2195,541,135,2,57014.79,94
2196,926,13,4,54896.59,59
2197,937,178,3,7544.75,87
2198,166,163,5,48733.5,4
2199,443,33,4,1848.74,92
2200,363,18,4,66326.17,27
2201,947,38,2,95387.91,36
2202,349,73,1,36033.57,0
2203,42,158,2,62583.53,38
2204,398,145,2,82005.11,45
2205,122,43,5,81681.1,9
2206,514,127,3,61171.85,65
2207,702,109,3,16505.17,9
2208,452,9,3,76297.3,71
2209,458,1,2,49070.73,4
2210,925,46,3,11551.3,46
2211,806,106,4,68309.08,22
2213,524,73,3,88992.25,45
2214,99,145,2,75581.25,46
2215,813,170,2,38795.52,62
2216,386,95,5,62212.28,82
2220,130,133,3,23199.7,34
2221,687,54,4,36043.31,99
2222,813,96,1,46760.48,75
2223,128,52,1,83624.34,96
2224,596,100,4,29018.59,58
2225,80,105,4,44497.24,99
2226,764,33,3,86554.59,50
2227,734,50,2,64899.0,93
2228,961,101,4,74083.43,3
2229,969,70,5,1985.51,2
2230,267,183,2,52439.72,98
2231,811,198,1,75609.65,38
2232,155,31,5,5926.87,9
2233,413,91,3,85376.92,51
2234,843,174,4,60920.5,12
2236,860,156,1,20578.55,25
2237,36,185,5,17211.21,53
2238,145,187,4,89395.91,1
2239,21,153,2,31847.98,30
2240,999,107,5,35806.77,60
2241,503,86,1,99002.83,20
2242,531,28,3,9771.64,53
2243,625,99,2,37152.47,96
2244,823,198,4,37221.4,19
2245,66,131,3,86966.86,4
2246,152,36,5,7668.14,5
2247,71,4,3,6256.73,42
2248,471,97,2,50743.19,82
2249,299,131,3,58736.63,87
2251,457,8,1,49889.87,14
2252,458,129,4,16368.98,17
2253,248,128,4,95743.95,24
2254,842,101,3,95769.16,81
2255,933,139,2,89556.57,92
2256,326,6,5,39262.2,100
2257,400,106,4,24934.37,61
2258,243,48,5,29591.54,76
2259,177,164,4,38029.87,72
2260,334,95,2,75798.95,100
2261,531,170,5,88320.54,47
2262,188,83,3,51680.4,72
2263,390,51,4,87942.7,37
2264,29,126,2,56041.43,22
2265,173,112,3,71064.6,95
2266,881,171,2,72199.85,48
2267,977,175,1,85546.6,72
2268,347,40,4,79715.13,32
2269,332,5,1,8510.69,38
2270,952,14,2,33495.18,31
2271,416,10,5,91819.91,55
2272,464,173,3,47736.21,24
2273,807,126,1,92458.13,16
2274,5,13,3,48403.88,80
2275,823,27,5,36878.49,77
2276,131,148,3,39070.21,35
2277,313,173,5,70920.22,44
2278,665,146,2,95439.69,56
2279,527,161,5,43349.49,68
2280,189,166,5,94087.25,58
2281,994,158,4,29834.0,0
2282,889,138,3,35818.51,61
2285,367,110,5,31058.92,0
2286,142,129,2,91162.23,75
2287,996,89,3,41744.31,19
2291,7,74,5,59060.27,17
2292,442,3,1,83566.17,32
2293,378,80,2,91991.82,42
2294,99,68,1,2469.4,71
2295,656,92,2,5062.11,57
2296,771,179,1,43363.5,24
2297,883,19,1,61448.98,95
2298,347,122,2,69527.44,53
2299,838,2,2,94065.12,41
2300,467,50,5,38017.06,77
2301,870,68,3,88576.06,96
2303,692,151,1,47423.5,21
2304,422,39,4,89464.56,5
2305,72,176,5,41350.49,22
2306,638,16,2,80246.66,58
2307,875,36,4,7470.31,36
2308,356,92,4,50688.09,24
2309,910,134,5,12102.18,33
2310,980,118,1,65827.39,66
2311,351,121,5,43801.19,16
2312,76,195,5,46429.14,34
2313,974,23,2,44660.71,34
2314,462,35,5,43265.73,48
2315,939,120,1,72143.1,47
2316,242,138,5,87524.59,12
2317,223,36,1,292.75,61
2318,34,175,5,17690.83,31
2319,4,175,4,84395.81,5
2320,779,95,4,79478.84,42
2321,590,170,2,69608.51,67
2322,495,166,2,40098.95,9
2323,802,153,2,47593.66,34
2325,334,181,2,12043.54,16
2326,768,32,3,96437.07,74
2327,720,125,3,50056.7,3
2328,908,144,5,51966.56,64
2329,247,169,1,43453.28,37
2330,588,162,2,54747.35,12
2331,200,22,2,98485.84,92
2332,284,120,2,9171.85,32
2333,985,51,2,99511.02,5
2334,206,7,5,50517.2,32
2335,343,16,4,10497.1,13
2336,938,136,4,1295.53,41
2337,518,133,2,93051.85,30
2338,592,163,2,94598.95,59
2339,769,171,5,12492.81,22
2340,294,181,1,59626.05,92
2341,109,149,4,27946.23,19
2342,72,35,3,82350.56,30
2344,52,56,2,73421.04,79
2345,218,91,3,87537.54,20
2346,158,107,5,58111.49,7
2347,365,64,5,42420.04,70
2348,879,152,1,39738.85,60
2349,217,44,1,82266.84,8
2350,988,101,4,81479.21,61
2351,702,71,1,64284.05,74
2352,806,46,5,41940.06,77
2353,438,6,3,69331.66,65
2354,829,24,2,83674.06,67
2355,980,172,5,60244.49,14
2356,602,59,1,63376.56,96
2358,852,81,4,79812.86,48
2359,336,6,2,17337.47,40
2360,829,75,5,78360.88,53
2361,348,54,2,12493.68,44
2363,658,11,4,23420.11,25
2366,57,2,4,52012.85,74
2367,859,175,2,49360.36,47
2368,784,13,2,84382.91,53
2369,664,199,2,65725.66,76
2370,65,141,4,18910.2,66
2371,783,94,4,47612.06,36
2372,174,35,5,20248.27,34
2373,218,114,3,57116.37,64
2375,181,59,3,86913.19,64
2376,610,19,4,19793.86,70
2377,9,142,1,46131.68,72
2378,574,30,3,24950.07,75
2379,729,75,3,43500.86,71
2380,684,167,1,3799.17,99
2381,957,9,1,60364.49,70
2382,259,150,1,91922.44,83
2383,708,29,5,64827.07,93
2384,759,149,4,87252.63,67
2385,311,7,3,10831.79,92
2386,571,40,5,67671.67,71
2387,246,82,2,95192.79,68
2388,367,142,5,51561.36,77
2389,758,116,1,15247.84,29
2390,10,101,2,3378.86,50
2392,740,144,1,38064.72,36
2393,912,27,5,2101.56,6
2394,841,1,2,30477.1,99
2395,183,2,3,26029.43,33
2396,824,66,5,37697.23,73
2397,114,182,1,18808.34,37
2398,317,12,1,10650.32,87
2399,751,129,4,22409.56,77
2400,896,148,1,63365.98,80
2401,506,49,4,31511.57,21
2402,82,128,5,39711.57,57
2403,869,180,2,4332.27,36
2404,483,175,2,94676.62,32
2405,830,136,1,27801.73,86
2406,943,90,5,25090.65,97
2407,795,126,5,50628.62,68
2408,604,66,4,15165.81,81
2409,951,179,2,75541.09,20
2410,655,169,4,82579.17,48
2411,215,15,5,31656.54,85
2412,657,99,2,58913.21,49
2413,134,44,2,3176.15,81
2414,404,104,4,42934.87,23
2415,639,44,3,45757.83,5
2416,323,6,3,57309.36,83
2417,665,45,2,84253.55,7
2419,44,86,5,34516.01,27
2420,127,142,2,42547.6,76
2421,572,65,4,56309.82,30
2422,532,41,4,2900.08,40
2423,707,97,1,43433.53,54
2424,823,7,5,90398.91,93
2425,328,94,5,72959.47,22
2426,862,138,1,82595.61,56
2427,511,63,5,53640.2,9
2428,52,97,4,78497.62,17
2429,138,116,5,85967.49,95
2431,457,191,5,6859.18,16
2432,45,79,2,1421.48,27
2433,731,94,3,73864.4,12
2434,551,52,3,38355.05,1
2435,347,103,1,54832.02,42
2437,627,139,4,49465.29,10
2438,861,21,5,17188.83,2
2439,196,82,1,27549.56,92
2440,916,141,3,35683.1,13
2441,251,178,1,28113.37,51
2442,93,189,5,27883.5,95
2443,913,163,3,34085.92,8
2444,872,93,4,42048.45,10
2445,526,47,5,97607.33,7
2446,908,90,4,34568.61,79
2447,872,188,1,74323.87,66
2448,761,184,2,61986.33,72
2449,381,27,4,57447.14,96
2450,286,29,3,22297.1,9
2451,298,70,1,72591.73,63
2452,749,46,5,80496.93,60
2453,778,141,4,47488.19,55
2454,734,70,4,5518.38,90
2455,824,125,3,43094.11,8
2457,677,29,5,43850.47,17
2459,381,119,5,12037.72,50
2460,942,31,5,87363.17,30
2461,742,156,4,93779.14,18
2462,453,142,4,66094.75,86
2463,173,27,5,36682.02,31
2464,856,150,3,26266.22,27
2465,111,186,4,8287.9,77
2466,907,125,2,7732.98,1
2467,525,88,1,34281.7,84
2469,358,162,4,84606.03,19
2470,712,75,5,95472.18,17
2471,982,156,1,86491.34,99
2472,325,46,5,49489.62,28
2473,914,51,2,49711.09,72
2474,213,196,5,69688.37,17
2475,704,9,2,7067.83,48
2476,862,97,5,73718.89,0
2477,179,70,1,30846.12,74
2478,665,14,1,39655.34,85
2479,436,38,3,99629.09,99
2480,913,68,4,30304.99,76
2481,515,57,2,87933.65,10
2482,717,181,1,64530.69,66
2483,182,48,4,38279.93,50
2484,430,157,5,2754.01,11
2485,449,189,2,87539.57,67
2487,342,5,3,36001.34,1
2488,680,60,5,77194.47,28
2489,21,135,5,72976.79,58
2490,791,168,4,29818.57,46
2491,38,135,5,61174.34,85
2492,429,18,1,70744.15,3
2493,577,66,1,73517.52,22
2494,191,129,3,67109.91,50
2495,693,199,1,58298.53,10
2496,648,162,3,62735.54,25
2497,748,187,5,72467.12,93
2498,979,193,1,29716.87,30
2499,557,200,2,13137.16,34
2500,467,79,2,4115.28,45
